"study","Est","CI_l","CI_h","Organ_marker","weights","ref_line"
"DFTJ",0.000321015229070507,-0.0699973169214946,0.0706393473796356,"quit smoking years",6.10715557110285,0
"NAS",0.0202542191322669,0.00284949164124838,0.0376589466232854,"quit smoking years",93.8928444288972,0
"pooled",0.0190368673595936,0.0021719787986038,0.0359017559205833,"quit smoking years",200,0
"DFTJ",-0.0231121185828346,-0.0451706924248794,-0.00105354474078986,"smoking years",26.3234892237164,0
"NAS",-0.0128152695024986,-0.0259781403966657,0.000347601391668425,"smoking years",70.1696533074736,0
"SY",-0.035818514261763,-0.0953244678564279,0.0236874393329019,"smoking years",3.50685746881005,0
"pooled",-0.0163324504674521,-0.02735863577468,-0.00530626516022419,"smoking years",200,0
